{"stats":{"minecraft:custom":{"minecraft:jump":268,"minecraft:time_since_rest":6533,"minecraft:damage_taken":120,"minecraft:damage_dealt":80,"minecraft:leave_game":2,"minecraft:play_time":6533,"minecraft:sprint_one_cm":36057,"minecraft:walk_on_water_one_cm":758,"minecraft:time_since_death":6533,"minecraft:walk_one_cm":23872,"minecraft:total_world_time":6533,"minecraft:mob_kills":1,"minecraft:fall_one_cm":12742,"minecraft:fly_one_cm":49291},"minecraft:mined":{"minecraft:short_grass":1,"minecraft:grass_block":1},"minecraft:picked_up":{"minecraft:white_wool":1,"minecraft:dirt":1},"minecraft:used":{"minecraft:white_wool":1,"minecraft:dirt":1},"minecraft:killed":{"minecraft:sheep":1}},"DataVersion":4082}